{"cameraMode":{"drawMode":0,"name":"Shaded","section":"Shading Mode"},"sceneLighting":false,"audioPlay":false,"sceneViewState":{"m_AlwaysRefresh":false,"showFog":true,"showSkybox":false,"showFlares":true,"showImageEffects":true,"showParticleSystems":true,"showVisualEffectGraphs":true,"m_FxEnabled":true},"in2DMode":false,"pivot":{"x":1.8279123306274415,"y":3.9257686138153078,"z":0.4168354272842407},"rotation":{"x":0.09317272156476975,"y":-0.26836374402046206,"z":0.026062995195388795,"w":0.958466112613678},"size":7.384489059448242,"orthographic":true}