{"cameraMode":{"drawMode":0,"name":"Shaded","section":"Shading Mode"},"sceneLighting":false,"audioPlay":false,"sceneViewState":{"m_AlwaysRefresh":false,"showFog":true,"showSkybox":false,"showFlares":true,"showImageEffects":true,"showParticleSystems":true,"showVisualEffectGraphs":true,"m_FxEnabled":true},"in2DMode":false,"pivot":{"x":-0.4237702488899231,"y":0.9713985919952393,"z":-0.03505599498748779},"rotation":{"x":0.10879282653331757,"y":0.7114530205726624,"z":-0.11299517005681992,"w":0.6850618720054627},"size":11.09920597076416,"orthographic":true}