{"cameraMode":{"drawMode":0,"name":"Shaded","section":"Shading Mode"},"sceneLighting":false,"audioPlay":false,"sceneViewState":{"m_AlwaysRefresh":false,"showFog":true,"showSkybox":false,"showFlares":true,"showImageEffects":true,"showParticleSystems":true,"showVisualEffectGraphs":true,"m_FxEnabled":true},"in2DMode":false,"pivot":{"x":1.819321632385254,"y":3.8321237564086916,"z":5.206699371337891},"rotation":{"x":0.18540219962596894,"y":0.09611404687166214,"z":-0.018134014680981637,"w":0.9780440330505371},"size":6.925965785980225,"orthographic":true}