{"cameraMode":{"drawMode":0,"name":"Shaded","section":"Shading Mode"},"sceneLighting":false,"audioPlay":false,"sceneViewState":{"m_AlwaysRefresh":false,"showFog":true,"showSkybox":false,"showFlares":true,"showImageEffects":true,"showParticleSystems":true,"showVisualEffectGraphs":true,"m_FxEnabled":true},"in2DMode":false,"pivot":{"x":0.00028228759765625,"y":2.7060205936431886,"z":-1.2650985717773438},"rotation":{"x":-0.022496551275253297,"y":-0.01319708488881588,"z":-0.0003437804407440126,"w":0.9997105598449707},"size":16.16815757751465,"orthographic":true}