{"cameraMode":{"drawMode":0,"name":"Shaded","section":"Shading Mode"},"sceneLighting":false,"audioPlay":false,"sceneViewState":{"m_AlwaysRefresh":false,"showFog":true,"showSkybox":false,"showFlares":true,"showImageEffects":true,"showParticleSystems":true,"showVisualEffectGraphs":true,"m_FxEnabled":true},"in2DMode":false,"pivot":{"x":-3.5522634983062746,"y":4.830538272857666,"z":0.806193470954895},"rotation":{"x":-0.00023533626517746598,"y":-0.9494245648384094,"z":-0.0005558443954214454,"w":0.31408438086509707},"size":25.41255760192871,"orthographic":true}