{"cameraMode":{"drawMode":0,"name":"Shaded","section":"Shading Mode"},"sceneLighting":false,"audioPlay":false,"sceneViewState":{"m_AlwaysRefresh":false,"showFog":true,"showSkybox":false,"showFlares":true,"showImageEffects":true,"showParticleSystems":true,"showVisualEffectGraphs":true,"m_FxEnabled":false},"in2DMode":false,"pivot":{"x":1.159472107887268,"y":0.23517441749572755,"z":-1.1043087244033814},"rotation":{"x":0.20511166751384736,"y":-0.7190045714378357,"z":0.23787787556648255,"w":0.6200031042098999},"size":77.26191711425781,"orthographic":true}